{
  "Abay": 12.290270039967035,
  "Agadyry": 11.615038856062597,
  "Ahmet": 12.255442990770407,
  "Ahmirovo": 12.625953551524187,
  "Akaral": 12.60576891868487,
  "Akbastau": 11.696658539948363,
  "Akbulak": 12.554241686253047,
  "Akbulym": 12.506110142591695,
  "Akkistau": 11.639682473825884,
  "Akkoly": 12.440297426903829,
  "Akmol": 12.58721281987677,
  "Aksay": 12.877585465812123,
  "Akshukur": 12.29774929550365,
  "Aksu": 12.335583546192357,
  "Aksukent": 12.536708694653237,
  "Aktas": 12.264406760440163,
  "Aktau": 12.73158282219481,
  "Aktobe": 12.726389253067854,
  "Alatau": 12.754688549094578,
  "Aldabergenovo_": 13.20126651850806,
  "Alekseevka": 12.693779796007583,
  "Alga": 11.825091285361685,
  "Almaly": 13.529892976796281,
  "Almalybak_(KIZ)": 12.852401831631447,
  "Almalyk": 12.966426865372178,
  "Almaty": 13.543958287241088,
  "Altay": 11.946623610385391,
  "Altayskiy": 10.93677274236805,
  "Alyzhan": 12.906256954923125,
  "Amankaragay": 11.329919230565,
  "Anar": 11.20605207695546,
  "Andas_batyra": 12.926357954926022,
  "Aralysk": 11.48334424678272,
  "Arayly": 11.940581661687066,
  "Arkalyk": 12.244775006498958,
  "Arshaly": 12.288314687899419,
  "Arysy": 12.186523660393426,
  "Asa": 12.546113153374263,
  "Asan": 12.88417273527316,
  "Ashtibulak": 12.83438332612877,
  "Askara_Tokpanova_(KazTsIK)": 12.959805888993564,
  "Astana": 13.149832737366593,
  "Asykata": 12.036777536288133,
  "Atakent": 12.116606545916193,
  "Atameken": 11.717107846340886,
  "Atasu": 12.426165370311747,
  "Atbasar": 12.285356744329178,
  "Atyrau": 12.872604538948968,
  "Auezov": 11.96072434664194,
  "Auliekoly": 11.699912294748028,
  "Avat": 11.9567578449743,
  "Ayagoz": 12.616321509336268,
  "Aysha-Bibi": 12.403109811161476,
  "Ayyrtau": 10.190499024157058,
  "Azat": 11.061808832221672,
  "Babatay": 13.122732951868844,
  "Badamsha": 11.477262071349225,
  "Bakanas": 11.971694759553559,
  "Balhash": 12.638417866674915,
  "Balkashino": 12.407321138103661,
  "Balpyk_Bi": 12.472102615981758,
  "Balykshy": 12.762175818903726,
  "Batyr": 11.3313748765414,
  "Bauyrzhan_Momyshuly": 11.943474201607689,
  "Bayanaul": 12.728532211596104,
  "Bayandy": 11.57231426866355,
  "Baydibek_bi": 12.55568653649382,
  "Baykonur": 11.605780922150203,
  "Bayserke": 12.567028090368439,
  "Bayterek_(Novoalekseevka)": 12.759109125511984,
  "Baytorysay": 13.052714094549557,
  "Beloe": 12.181702008747868,
  "Belousovka": 12.255627895091589,
  "Belybulak_(Michurino)": 13.05797739142554,
  "Bereke": 12.344763964311813,
  "Bereznyaki": 10.219486561030312,
  "Besagash": 13.272847907420937,
  "Beskaragay": 11.149313245588262,
  "Beskaynar_(Gornyy_Sadovod)": 13.031165758343356,
  "Bestamak": 11.621092352257193,
  "Beybarys": 12.679957541447546,
  "Beyneu": 11.286148383825168,
  "Bishkuly": 12.505379193137246,
  "Bobrovka": 11.411677510055753,
  "Bolek": 12.457007669067305,
  "Bolyshoy_Chagan": 11.475211284761027,
  "Boralday_(Burunday)": 12.979200436300403,
  "Boroduliha": 12.27314044040892,
  "Borovskoy": 11.690477687143797,
  "Botakara": 11.67644887887063,
  "Bozaygyr": 11.416017853211592,
  "Bulaevo": 10.262660610400719,
  "Bulakty": 12.565460569857834,
  "Burabay_(Borovoe)": 12.829911970332164,
  "Buryl": 11.111740857761596,
  "Bystruha": 10.866824205558965,
  "Chaglinka": 11.38094966217125,
  "Chapaev": 10.997622052858373,
  "Chapaevo": 12.647825907512772,
  "Chaykuruk": 12.06136051743942,
  "Cheremshanka": 9.879852893533116,
  "Chernoyarka": 11.791170455262744,
  "Chiganak": 11.437229099914966,
  "Chundzha": 12.288314687899419,
  "Damsa": 11.737580795327732,
  "Daryinsk": 11.933572991940148,
  "Daulet": 11.846144694559518,
  "Denisovka": 11.249105978211471,
  "Derkul": 12.258139208084991,
  "Derzhavinsk": 11.799313519709766,
  "Dolan": 12.831081107899488,
  "Dolinka": 11.241280768839204,
  "Doskey": 11.364822333358303,
  "Dossor": 11.541242401012633,
  "Dubovka": 11.814568354959281,
  "Elytay": 12.582660075186833,
  "Enbekshi": 12.230556393469849,
  "Ereymentau": 11.875057055437399,
  "Erkin": 12.910342877673674,
  "Esik": 12.85629870883869,
  "Esily": 11.803053053667544,
  "Farforovoe": 11.4522589090099,
  "Fedorovka": 11.927364546277664,
  "Fort-Shevchenko": 11.215588487479081,
  "Gabidena_Mustafina": 11.518433750424094,
  "Ganyushkino": 11.41284595054552,
  "Geolog": 12.30667423716597,
  "Glubokoe": 12.408996658251679,
  "Gornyatskiy": 11.543483788076372,
  "Granitnyy": 11.370189703924085,
  "Gulydala": 13.12283224914013,
  "Hromtau": 12.5776516957858,
  "IYaF": 13.079955922512786,
  "Imantau": 12.771798472431334,
  "Inder": 12.288314687899419,
  "Irgeli": 13.03844833663447,
  "Irtyshsk": 11.758752794770963,
  "Kabanbay": 11.685329342986526,
  "Kabanbay_Batyra": 11.93863435023179,
  "Kachar": 11.462185791672315,
  "Kalbatau": 10.473027488911654,
  "Kandyagash": 11.916063063567412,
  "Kaplanbek": 12.023233086368322,
  "Karabalyk": 12.54897047060975,
  "Karabas": 10.539338665710781,
  "Karabulak": 12.29774929550365,
  "Karabulak_(p_Klyuchi)": 12.929317662934235,
  "Karaganda": 12.90634859789277,
  "Karagayly_(Chapaevo)": 12.704720138523443,
  "Karakastek": 11.64962390314338,
  "Karakemer": 12.304950237643068,
  "Karaotkely": 11.887303930140634,
  "Karaoy": 11.604602114943706,
  "Karasu": 12.276550421835521,
  "Karatau": 11.519437129983752,
  "Karazhal": 11.649154519036484,
  "Kargalinskoe_(Zhilyanka)": 12.389522278925666,
  "Kargaly_(p__Fabrichnyy)": 12.565636409492539,
  "Karkaralinsk": 12.290270039967035,
  "Kaskelen": 12.94432286123253,
  "Kasymbek": 12.162615795528584,
  "Kasymbek_datka": 11.929635141112954,
  "Katon-Karagay": 12.28146274147943,
  "Kaynar": 12.340205006492685,
  "Kaynazar_(Enbekshikazahskiy_rayon)": 12.234389581572577,
  "Kaynazar_(Zhambylskiy_rayon)": 12.310787543751475,
  "KazTsIK": 12.961924786849991,
  "Kazalinsk": 12.011246030258365,
  "Kazygurt": 12.921394703118398,
  "Kazylzharma": 11.46163611471495,
  "Kegen": 12.608302915141252,
  "Kemertogan": 12.911339412431257,
  "Kendala": 12.703214403611812,
  "Kenesary": 10.856861567886742,
  "Kenkiyak": 11.075152671088032,
  "Kentau": 12.420288959714414,
  "Kenzhekoly": 11.981482127454647,
  "Kievka": 11.491312138788675,
  "Kishkenekoly": 11.579909502353331,
  "Kogaly": 10.220452853961596,
  "Kokpekty": 11.891318470275525,
  "Koksaek": 11.341685138235718,
  "Koksay_(Puty_Ilyicha)": 13.018437415589133,
  "Kokshetau": 12.738881756466021,
  "Koksu": 12.47510760048998,
  "Koktal": 11.997682426084445,
  "Kokterek": 12.58688581385637,
  "Kolydi": 12.935326624908786,
  "Komsomolyskoe": 12.735451514194311,
  "Konaev_(Kapchagay)": 12.98223841332048,
  "Korday": 12.500538888822227,
  "Korgalzhyn": 10.700017509430685,
  "Kosozen": 11.973796428209294,
  "Kosshy": 12.822991527487588,
  "Kostanay": 12.91924784213937,
  "Koyankus": 13.129603066687729,
  "Kozhohovo": 10.815592042338938,
  "Krasina": 13.304001322678143,
  "Krasnyy_partizan": 12.640669970693637,
  "Krasnyy_yar": 12.359692430979068,
  "Krugloozernoe": 12.222465716501329,
  "Kulan": 12.041098993408047,
  "Kulenovka": 12.951394421055403,
  "Kulysary": 12.074605744189439,
  "Kurashasay": 12.360803506428235,
  "Kurayly": 12.017182017754422,
  "Kurchatov": 11.76712104444148,
  "Kurchum": 12.40892654720646,
  "Kuryk": 11.291951869934064,
  "Kushoky": 11.314265661595693,
  "Kyrgauyldy": 13.052273893351705,
  "Kyzyl-Kaynar": 11.91057456295647,
  "Kyzylorda": 12.471549970407931,
  "Kyzyltobe": 12.54333601015726,
  "Kyzylzhar": 12.314321003577305,
  "Lenger": 12.437648418732252,
  "Leninskiy": 11.66013930715976,
  "Lisakovsk": 12.288314687899419,
  "M__Tuymebaev": 13.048839511363962,
  "Mahambet": 11.610468602451117,
  "Makanchi": 11.612249184520213,
  "Makat": 11.42345936535625,
  "Makinka": 11.919887856025653,
  "Makinsk": 12.361759940203369,
  "Malovodnoe": 12.471548880356204,
  "Mangistau": 12.15409573962248,
  "Mangyshlak": 12.132234857026077,
  "Martuk": 11.74001626044503,
  "Maykayyn": 11.859494364572495,
  "Maykoly": 11.307485434887694,
  "Maytobe": 11.406223659373289,