{
  "2012Q4": 0.9322294592857361,
  "2013Q1": 1.0,
  "2013Q2": 0.9232778549194336,
  "2013Q3": 0.9120451807975769,
  "2013Q4": 1.1550027132034302,
  "2014Q1": 1.0,
  "2014Q2": 1.0954244136810303,
  "2014Q3": 1.1089133024215698,
  "2014Q4": 0.9821341037750244,
  "2015Q1": 0.9470555782318115,
  "2015Q2": 1.285454273223877,
  "2015Q3": 0.9795961976051331,
  "2015Q4": 0.9606472253799438,
  "2016Q1": 0.8807119727134705,
  "2016Q2": 0.8242785930633545,
  "2016Q3": 0.8374622464179993,
  "2016Q4": 0.9466226100921631,
  "2017Q1": 0.9725300669670105,
  "2017Q2": 1.0364136695861816,
  "2017Q3": 1.052912950515747,
  "2017Q4": 0.831596851348877,
  "2018Q1": 0.8335492610931396,
  "2018Q2": 0.9460022449493408,
  "2018Q3": 0.8829253315925598,
  "2018Q4": 0.9331406354904175,
  "2019Q1": 0.8982871770858765,
  "2019Q2": 0.8996369242668152,
  "2019Q3": 0.8612989783287048,
  "2019Q4": 0.9181663990020752,
  "2020Q1": 0.918732225894928,
  "2020Q2": 0.9290282130241394,
  "2020Q3": 0.9175436496734619,
  "2020Q4": 0.9125575423240662,
  "2021Q1": 0.9004663228988647,
  "2021Q2": 0.9042932391166687,
  "2021Q3": 0.9140257835388184,
  "2021Q4": 0.910172700881958,
  "2022Q1": 0.9104450345039368,
  "2022Q2": 0.9060609936714172,
  "2022Q3": 0.9080440998077393,
  "2022Q4": 0.9083787798881531,
  "2023Q1": 0.9169398546218872,
  "2023Q2": 0.9129045605659485,
  "2023Q3": 0.911325216293335,
  "2023Q4": 0.9148252010345459,
  "2024Q1": 0.9210489988327026,
  "2024Q2": 0.9124001264572144,
  "2024Q3": 0.9182302951812744,
  "2024Q4": 0.934053361415863,
  "2025Q1": 0.9621608257293701,
  "2025Q2": 0.9966865181922913,
  "2025Q3": 0.9920555353164673,
  "2026Q1": 1.039426565170288,
  "2026Q2": 1.0019240379333496,
  "2025Q4": 1.0,
  "2012Q1": 0.9657746024840228,
  "2012Q2": 0.9657746024840228,
  "2012Q3": 0.9657746024840228,
  "2026Q3": 0.9657746024840228,
  "2026Q4": 0.9657746024840228
}